baseline_id,target,feature_set,model,reference,reproduction_level,paper_supported_component,project_adaptation_component,claim_allowed,claim_not_allowed,status,notes,n_train,n_features,val_MAE,val_RMSE,val_R2,val_Spearman_rho,val_Pearson_r,val_log_MAE,n_val,test_MAE,test_RMSE,test_R2,test_Spearman_rho,test_Pearson_r,test_log_MAE,n_test,run_dir
I1-XGB-ImageEmb,popularity,image_embedding,xgboost,"Zhou, Zhang & Yi 2019",adapted,Poster/cover CNN feature literature supports using visual embeddings as predictive signals for entertainment performance.,Project image embeddings from anime cover/banner assets are fed to XGBoost regression.,Image-embedding-only baseline adapted from poster/cover visual-feature prediction literature.,Do not claim exact reproduction of the poster CNN architecture or movie box-office setting.,ok,,13321,3075,15022.8227,40236.9194,0.1597,0.7226,0.5142,1.3568,2918,12100.8365,31817.5965,0.2096,0.7257,0.5338,1.359,3087,.exp/baseline/results/v2_highres_01
I1-XGB-ImageEmb,meanScore,image_embedding,xgboost,"Zhou, Zhang & Yi 2019",adapted,Poster/cover CNN feature literature supports using visual embeddings as predictive signals for entertainment performance.,Project image embeddings from anime cover/banner assets are fed to XGBoost regression.,Image-embedding-only baseline adapted from poster/cover visual-feature prediction literature.,Do not claim exact reproduction of the poster CNN architecture or movie box-office setting.,ok,,13321,3075,8.2825,10.4124,0.2032,0.4627,0.4741,,2918,8.6345,10.8141,-0.0103,0.418,0.4335,,3087,.exp/baseline/results/v2_highres_01
F2-XGB-Concat,popularity,metadata_text_image,xgboost,Chen et al. 2019; Jeong et al. 2024,adapted,Chen et al. 2019 and Jeong et al. 2024 support visual/textual feature fusion with XGBoost-style classical regressors.,AniList metadata + project text embeddings + project image embeddings concatenated for XGBoost regression.,Feature-concat XGBoost baseline adapted from visual-textual popularity prediction literature.,"Do not claim same dataset, encoders, or exact feature extraction as the cited papers.",ok,,12729,3994,11147.3749,30782.2972,0.5482,0.8753,0.8214,0.8304,2637,9539.7047,24917.8974,0.5515,0.865,0.7544,0.8828,2808,.exp/baseline/results/v2_highres_01_2
F2-XGB-Concat,meanScore,metadata_text_image,xgboost,Chen et al. 2019; Jeong et al. 2024,adapted,Chen et al. 2019 and Jeong et al. 2024 support visual/textual feature fusion with XGBoost-style classical regressors.,AniList metadata + project text embeddings + project image embeddings concatenated for XGBoost regression.,Feature-concat XGBoost baseline adapted from visual-textual popularity prediction literature.,"Do not claim same dataset, encoders, or exact feature extraction as the cited papers.",ok,,12729,3994,7.1414,9.013,0.3449,0.6086,0.6317,,2637,8.2031,10.279,0.0562,0.553,0.571,,2808,.exp/baseline/results/v2_highres_01_2
C1-Armenta-ProjectInputProxy,popularity,metadata_text_image,armenta_project_input_mlp,Armenta-Segura & Sidorov 2025,adapted,"Armenta-Segura & Sidorov 2025 supports a synopsis branch, a context branch compressed by an MLP, and a large MLP for final anime-domain prediction.",Project synopsis/text embeddings form the synopsis branch; project cover/banner image embeddings plus metadata form a project-context branch; both 768-dimensional branch outputs are concatenated and passed through an Armenta-shaped Big MLP.,Project-input Armenta-style branch-and-Big-MLP proxy for comparing whether the paper's fusion shape helps under this project's input contract.,"Do not claim Figure 2 reproduction, GPT-2/ResNet-50 reproduction, or character-branch reproduction; this row uses project embeddings and metadata rather than the paper's character descriptions and portraits.",ok,,12729,3994,12484.0743,33337.8552,0.4701,0.8495,0.7307,0.9053,2637,11095.5952,28013.2702,0.4332,0.8418,0.6637,0.9538,2808,.exp/baseline/results/v2_highres_01_3
C1-Armenta-ProjectInputProxy,meanScore,metadata_text_image,armenta_project_input_mlp,Armenta-Segura & Sidorov 2025,adapted,"Armenta-Segura & Sidorov 2025 supports a synopsis branch, a context branch compressed by an MLP, and a large MLP for final anime-domain prediction.",Project synopsis/text embeddings form the synopsis branch; project cover/banner image embeddings plus metadata form a project-context branch; both 768-dimensional branch outputs are concatenated and passed through an Armenta-shaped Big MLP.,Project-input Armenta-style branch-and-Big-MLP proxy for comparing whether the paper's fusion shape helps under this project's input contract.,"Do not claim Figure 2 reproduction, GPT-2/ResNet-50 reproduction, or character-branch reproduction; this row uses project embeddings and metadata rather than the paper's character descriptions and portraits.",ok,,12729,3994,7.3906,9.4846,0.2746,0.5469,0.5658,,2637,8.4901,10.679,-0.0187,0.4808,0.4975,,2808,.exp/baseline/results/v2_highres_01_3
C2-CTNN-Lite,popularity,text_image,cross_modal_transformer,"Madongo, Tang & Hassan 2023",adapted,Madongo et al. 2023 supports poster/review cross-modal attention transformer fusion for entertainment outcome prediction.,Project text and image embeddings are projected into two modality tokens and fused with a lightweight TransformerEncoder regression head; this omits the paper's full CTNN/recurrent-fusion design.,Lightweight cross-modal transformer fusion baseline adapted from poster-text box-office prediction literature.,"Do not claim exact CTNN reproduction; this implementation uses precomputed project embeddings, a simplified two-token transformer fusion head, and anime regression targets.",ok,,12729,3843,14827.58,36356.5476,0.3698,0.8206,0.616,1.0415,2637,13383.7815,30991.1308,0.3062,0.8176,0.6002,1.1052,2808,.exp/baseline/results/v2_highres_01_4
C2-CTNN-Lite,meanScore,text_image,cross_modal_transformer,"Madongo, Tang & Hassan 2023",adapted,Madongo et al. 2023 supports poster/review cross-modal attention transformer fusion for entertainment outcome prediction.,Project text and image embeddings are projected into two modality tokens and fused with a lightweight TransformerEncoder regression head; this omits the paper's full CTNN/recurrent-fusion design.,Lightweight cross-modal transformer fusion baseline adapted from poster-text box-office prediction literature.,"Do not claim exact CTNN reproduction; this implementation uses precomputed project embeddings, a simplified two-token transformer fusion head, and anime regression targets.",ok,,12729,3843,7.7144,9.9052,0.2088,0.4923,0.5117,,2637,8.5829,10.7676,-0.0356,0.4259,0.4453,,2808,.exp/baseline/results/v2_highres_01_4
C2-ProjectInputCrossAttention,popularity,metadata_text_image,project_input_cross_attention,"Madongo, Tang & Hassan 2023",adapted,Madongo et al. 2023 supports cross-modal attention transformer fusion with auxiliary metadata-related factors for box-office prediction.,"Project synopsis/text and cover/banner image embeddings are fused through explicit bidirectional text-image cross-attention blocks, then metadata conditions the final modality-gated fusion.",Project-input CTNN-style cross-attention proxy that keeps this project's metadata/text/image input contract while moving closer to the paper's cross-modal attention motivation.,"Do not claim exact CTNN reproduction; this implementation uses anime project embeddings, metadata-conditioned gating, and regression targets instead of the paper's movie review/poster pipeline and box-office class setup.",ok,,12729,3994,11591.4363,30759.3668,0.5489,0.872,0.7654,0.8405,2637,11193.8393,27649.9095,0.4478,0.8647,0.6897,0.9236,2808,.exp/baseline/results/v2_highres_01_5
C2-ProjectInputCrossAttention,meanScore,metadata_text_image,project_input_cross_attention,"Madongo, Tang & Hassan 2023",adapted,Madongo et al. 2023 supports cross-modal attention transformer fusion with auxiliary metadata-related factors for box-office prediction.,"Project synopsis/text and cover/banner image embeddings are fused through explicit bidirectional text-image cross-attention blocks, then metadata conditions the final modality-gated fusion.",Project-input CTNN-style cross-attention proxy that keeps this project's metadata/text/image input contract while moving closer to the paper's cross-modal attention motivation.,"Do not claim exact CTNN reproduction; this implementation uses anime project embeddings, metadata-conditioned gating, and regression targets instead of the paper's movie review/poster pipeline and box-office class setup.",ok,,12729,3994,6.8935,8.9147,0.3591,0.606,0.6284,,2637,8.063,10.2662,0.0586,0.5044,0.5254,,2808,.exp/baseline/results/v2_highres_01_5
C2-ProjectInputRecurrentFusion,popularity,metadata_text_image,project_input_recurrent_fusion,"Madongo, Tang & Hassan 2023",adapted,Madongo et al. 2023 describes cross-modal attention transformer fusion together with recurrent-style fusion and metadata-related factors.,"Project metadata/text/image embeddings are fused with bidirectional text-image cross-attention, then a GRU recurrent fusion step refines the text/image/metadata token sequence before regression.",Project-input CTNN-style recurrent fusion proxy that keeps this project's input contract while covering the paper's recurrent-fusion motivation.,Do not claim exact CTNN reproduction; this row keeps anime embeddings and regression targets and does not use the paper's movie review/poster feature extraction or box-office class setup.,ok,,12729,3994,11803.4025,32345.9292,0.5012,0.8758,0.7631,0.8342,2637,10469.808,26964.748,0.4748,0.8673,0.6921,0.9151,2808,.exp/baseline/results/v2_highres_01_6
C2-ProjectInputRecurrentFusion,meanScore,metadata_text_image,project_input_recurrent_fusion,"Madongo, Tang & Hassan 2023",adapted,Madongo et al. 2023 describes cross-modal attention transformer fusion together with recurrent-style fusion and metadata-related factors.,"Project metadata/text/image embeddings are fused with bidirectional text-image cross-attention, then a GRU recurrent fusion step refines the text/image/metadata token sequence before regression.",Project-input CTNN-style recurrent fusion proxy that keeps this project's input contract while covering the paper's recurrent-fusion motivation.,Do not claim exact CTNN reproduction; this row keeps anime embeddings and regression targets and does not use the paper's movie review/poster feature extraction or box-office class setup.,ok,,12729,3994,7.0021,8.9244,0.3577,0.6015,0.625,,2637,8.3908,10.5612,0.0037,0.4895,0.5107,,2808,.exp/baseline/results/v2_highres_01_6
C3-RAG-None-XGB,popularity,metadata_text_image_rag_none,xgboost,Xu et al. 2025 SKAPP,inspired,SKAPP includes a non-retrieval control and retrieval-augmented popularity prediction setup.,Project full multimodal metadata/text/image features plus schema-compatible no-retrieval RAG features.,No-RAG control for a SKAPP-inspired retrieval ablation.,Do not claim SKAPP reproduction; this row has no retrieval and no RRCP/VL-GNN/RRCP-Attention.,ok,,12729,4002,11274.0158,31093.5744,0.5391,0.8745,0.8124,0.833,2637,9582.1103,25124.8945,0.544,0.8652,0.7488,0.8813,2808,.exp/baseline/results/v2_highres_01_7
C3-RAG-None-XGB,meanScore,metadata_text_image_rag_none,xgboost,Xu et al. 2025 SKAPP,inspired,SKAPP includes a non-retrieval control and retrieval-augmented popularity prediction setup.,Project full multimodal metadata/text/image features plus schema-compatible no-retrieval RAG features.,No-RAG control for a SKAPP-inspired retrieval ablation.,Do not claim SKAPP reproduction; this row has no retrieval and no RRCP/VL-GNN/RRCP-Attention.,ok,,12729,4002,7.1344,9.0143,0.3447,0.6096,0.6323,,2637,8.2119,10.2677,0.0583,0.5575,0.573,,2808,.exp/baseline/results/v2_highres_01_7
C3-RAG-Sparse-XGB,popularity,metadata_text_image_rag_sparse,xgboost,Xu et al. 2025 SKAPP,inspired,SKAPP motivates metadata-aware retrieval beyond vanilla semantic retrieval.,"Offline train-set knowledge base retrieval using genre, studio, voice actor, and source overlap with temporal filtering.",Sparse metadata retrieval baseline inspired by SKAPP's meta retriever.,"Do not claim SKAPP reproduction; this lacks RRCP selection, VL-GNN context learning, and RRCP-Attention.",ok,,12729,4078,9846.7391,26280.9399,0.6707,0.8903,0.8378,0.7947,2637,9219.1995,23114.4869,0.6141,0.8715,0.7858,0.9253,2808,.exp/baseline/results/v2_highres_01_8
C3-RAG-Sparse-XGB,meanScore,metadata_text_image_rag_sparse,xgboost,Xu et al. 2025 SKAPP,inspired,SKAPP motivates metadata-aware retrieval beyond vanilla semantic retrieval.,"Offline train-set knowledge base retrieval using genre, studio, voice actor, and source overlap with temporal filtering.",Sparse metadata retrieval baseline inspired by SKAPP's meta retriever.,"Do not claim SKAPP reproduction; this lacks RRCP selection, VL-GNN context learning, and RRCP-Attention.",ok,,12729,4078,6.7402,8.5509,0.4104,0.6484,0.6671,,2637,8.0691,10.0726,0.0938,0.5563,0.5731,,2808,.exp/baseline/results/v2_highres_01_8
C3-RAG-Dense-XGB,popularity,metadata_text_image_rag_dense,xgboost,Xu et al. 2025 SKAPP,inspired,SKAPP compares against vanilla semantic retrieval and improves it with selective retrieval knowledge augmentation.,Offline dense retrieval using project text embeddings over temporally valid train-set items.,Dense semantic retrieval baseline inspired by the retrieval comparison in SKAPP.,Do not claim SKAPP reproduction; this is vanilla semantic retrieval without RRCP/VL-GNN/RRCP-Attention.,ok,,12729,4078,11021.3627,30029.065,0.5701,0.8737,0.8113,0.8342,2637,9662.1298,24953.2523,0.5502,0.8614,0.7505,0.896,2808,.exp/baseline/results/v2_highres_01_9
C3-RAG-Dense-XGB,meanScore,metadata_text_image_rag_dense,xgboost,Xu et al. 2025 SKAPP,inspired,SKAPP compares against vanilla semantic retrieval and improves it with selective retrieval knowledge augmentation.,Offline dense retrieval using project text embeddings over temporally valid train-set items.,Dense semantic retrieval baseline inspired by the retrieval comparison in SKAPP.,Do not claim SKAPP reproduction; this is vanilla semantic retrieval without RRCP/VL-GNN/RRCP-Attention.,ok,,12729,4078,6.9084,8.7994,0.3756,0.6215,0.6444,,2637,8.0937,10.1452,0.0806,0.558,0.5751,,2808,.exp/baseline/results/v2_highres_01_9
C3-RAG-Hybrid-XGB,popularity,metadata_text_image_rag_hybrid,xgboost,Xu et al. 2025 SKAPP,inspired,SKAPP motivates combining multimodal semantics and metadata/context for retrieval-augmented popularity prediction.,Offline hybrid retrieval fusing sparse metadata overlap and dense text-embedding retrieval with reciprocal-rank fusion.,Hybrid retrieval baseline inspired by SKAPP's meta retrieval motivation.,"Do not claim SKAPP reproduction; this lacks RRCP selection, VL-GNN context learning, and RRCP-Attention.",ok,,12729,4078,11063.0131,29589.1078,0.5826,0.8748,0.809,0.8347,2637,9967.652,25477.1057,0.5312,0.8641,0.7359,0.8972,2808,.exp/baseline/results/v2_highres_01_10
C3-RAG-Hybrid-XGB,meanScore,metadata_text_image_rag_hybrid,xgboost,Xu et al. 2025 SKAPP,inspired,SKAPP motivates combining multimodal semantics and metadata/context for retrieval-augmented popularity prediction.,Offline hybrid retrieval fusing sparse metadata overlap and dense text-embedding retrieval with reciprocal-rank fusion.,Hybrid retrieval baseline inspired by SKAPP's meta retrieval motivation.,"Do not claim SKAPP reproduction; this lacks RRCP selection, VL-GNN context learning, and RRCP-Attention.",ok,,12729,4078,6.7657,8.6,0.4036,0.6455,0.6645,,2637,8.1344,10.1904,0.0724,0.5657,0.5855,,2808,.exp/baseline/results/v2_highres_01_10
C3-RAG-Selective-XGB,popularity,metadata_text_image_rag_selective,xgboost,Xu et al. 2025 SKAPP,inspired,SKAPP motivates selective retrieval knowledge augmentation to reduce noisy retrieved context.,"Offline sparse metadata retrieval with temporal filtering, followed by median-threshold filtering of low-contribution top-k candidates before feature aggregation.",Selective sparse retrieval baseline inspired by SKAPP's RRCP-style filtering motivation.,Do not claim SKAPP or RRCP reproduction; this uses a simple deterministic contribution proxy and lacks VL-GNN context learning and RRCP-Attention.,ok,,12729,4078,9667.0474,25742.1749,0.6841,0.8905,0.8496,0.79,2637,9256.1195,22990.5556,0.6182,0.8719,0.7874,0.9266,2808,.exp/baseline/results/v2_highres_01_11
C3-RAG-Selective-XGB,meanScore,metadata_text_image_rag_selective,xgboost,Xu et al. 2025 SKAPP,inspired,SKAPP motivates selective retrieval knowledge augmentation to reduce noisy retrieved context.,"Offline sparse metadata retrieval with temporal filtering, followed by median-threshold filtering of low-contribution top-k candidates before feature aggregation.",Selective sparse retrieval baseline inspired by SKAPP's RRCP-style filtering motivation.,Do not claim SKAPP or RRCP reproduction; this uses a simple deterministic contribution proxy and lacks VL-GNN context learning and RRCP-Attention.,ok,,12729,4078,6.7292,8.5569,0.4095,0.6475,0.6659,,2637,8.0901,10.1024,0.0884,0.5561,0.5742,,2808,.exp/baseline/results/v2_highres_01_11
C3-ProjectInputSKAPPProxy-XGB,popularity,metadata_text_image_rag_skapp_proxy,xgboost,Xu et al. 2025 SKAPP,inspired,SKAPP motivates selective retrieval knowledge augmentation with contribution-aware retrieved-context refinement.,"Project historical-anime retrieval using sparse+dense hybrid candidates, a train-only learned contribution scorer, contribution-threshold filtering, and attention-weighted retrieved-context aggregation before XGBoost fusion.",Project-input SKAPP-style retrieval/context-fusion proxy with learned contribution filtering and attention-weighted retrieved aggregates.,"Do not claim SKAPP reproduction, RRCP reproduction, VL-GNN reproduction, or RRCP-Attention reproduction; this keeps project anime inputs and uses aggregate attention-weighted features rather than a graph neural context module.",ok,,12729,4087,10555.9217,28476.0436,0.6134,0.8794,0.8097,0.816,2637,10075.2543,25153.185,0.543,0.8633,0.7393,0.9363,2808,.exp/baseline/results/v2_highres_01_12
C3-ProjectInputSKAPPProxy-XGB,meanScore,metadata_text_image_rag_skapp_proxy,xgboost,Xu et al. 2025 SKAPP,inspired,SKAPP motivates selective retrieval knowledge augmentation with contribution-aware retrieved-context refinement.,"Project historical-anime retrieval using sparse+dense hybrid candidates, a train-only learned contribution scorer, contribution-threshold filtering, and attention-weighted retrieved-context aggregation before XGBoost fusion.",Project-input SKAPP-style retrieval/context-fusion proxy with learned contribution filtering and attention-weighted retrieved aggregates.,"Do not claim SKAPP reproduction, RRCP reproduction, VL-GNN reproduction, or RRCP-Attention reproduction; this keeps project anime inputs and uses aggregate attention-weighted features rather than a graph neural context module.",ok,,12729,4087,6.5052,8.3695,0.4351,0.6574,0.6746,,2637,7.8582,9.8838,0.1274,0.5634,0.5823,,2808,.exp/baseline/results/v2_highres_01_12
C3-ProjectInputSKAPPGraphProxy,popularity,metadata_text_image_rag_skapp_graph_proxy,project_input_skapp_graph_proxy,Xu et al. 2025 SKAPP,adapted,"SKAPP source code uses per-query retrieved visual/textual tensors, retrieved labels, RRCP threshold masking, a variable-length graph module, and RRCP-attention prediction.","Project anime metadata/text/image inputs are combined with fixed top-k train-only retrieved context tensors; a torch proxy applies RRCP-style masks, learned graph adjacency over query and retrieved tokens, and contribution-aware attention before regression.",Closest current project-input SKAPP architecture proxy: retrieved tensors plus RRCP-mask and graph/attention context learning under the project's temporal retrieval contract.,"Do not claim exact SKAPP reproduction or numerical comparability; this still uses anime pre-release inputs, fixed top-k padding, project embeddings, and proxy RRCP labels rather than SKAPP's social-media data and RRCP pretraining pipeline.",ok,,12729,42480,10373.791,27502.2812,0.6394,0.8903,0.8042,0.7906,2637,11254.5741,29150.9954,0.3862,0.8737,0.6929,0.9305,2808,.exp/baseline/results/v2_highres_01_13
C3-ProjectInputSKAPPGraphProxy,meanScore,metadata_text_image_rag_skapp_graph_proxy,project_input_skapp_graph_proxy,Xu et al. 2025 SKAPP,adapted,"SKAPP source code uses per-query retrieved visual/textual tensors, retrieved labels, RRCP threshold masking, a variable-length graph module, and RRCP-attention prediction.","Project anime metadata/text/image inputs are combined with fixed top-k train-only retrieved context tensors; a torch proxy applies RRCP-style masks, learned graph adjacency over query and retrieved tokens, and contribution-aware attention before regression.",Closest current project-input SKAPP architecture proxy: retrieved tensors plus RRCP-mask and graph/attention context learning under the project's temporal retrieval contract.,"Do not claim exact SKAPP reproduction or numerical comparability; this still uses anime pre-release inputs, fixed top-k padding, project embeddings, and proxy RRCP labels rather than SKAPP's social-media data and RRCP pretraining pipeline.",ok,,12729,42480,6.5665,8.4227,0.4279,0.6494,0.666,,2637,8.1218,10.2195,0.0671,0.5169,0.5453,,2808,.exp/baseline/results/v2_highres_01_13
