source,baseline_id,target,feature_set,model,reproduction_level,n_test,n_features,test_MAE,test_RMSE,test_R2_raw,test_Spearman_rho,test_Pearson_r,test_log_MAE,run_dir,test_log_R2,test_factor_acc_2x,test_acc_within_10pt
v2,F0-Mean,popularity,none,mean,common,3087,0,14935.0718,38344.7483,-0.1479,0.0,0.0,1.9884,.exp/baseline/results/v2_01,-0.0,0.195,
v2,F0-Mean,meanScore,none,mean,common,3087,0,10.9115,13.0139,-0.4631,0.0,0.0,,.exp/baseline/results/v2_01,,,0.5083
v2,F0-Ridge-Meta,popularity,metadata,ridge,common,3087,151,12802.2336,42376.2757,-0.402,0.8007,0.5327,1.0551,.exp/baseline/results/v2_01,0.6855,0.3962,
v2,F0-Ridge-Meta,meanScore,metadata,ridge,common,3087,151,9.2029,11.4199,-0.1266,0.4913,0.5038,,.exp/baseline/results/v2_01,,,0.6054
v2,F1-RF-Meta,popularity,metadata,random_forest,adapted,3087,151,8551.7168,23013.9002,0.5865,0.842,0.7707,0.8938,.exp/baseline/results/v2_01,0.7554,0.4891,
v2,F1-RF-Meta,meanScore,metadata,random_forest,adapted,3087,151,8.0179,10.1438,0.1111,0.5759,0.5875,,.exp/baseline/results/v2_01,,,0.6761
v2,F1-GB-Meta,popularity,metadata,gradient_boosting,adapted,3087,151,9006.6811,25297.4313,0.5004,0.8303,0.7205,0.8958,.exp/baseline/results/v2_01,0.7568,0.4911,
v2,F1-GB-Meta,meanScore,metadata,gradient_boosting,adapted,3087,151,8.8758,11.0341,-0.0518,0.5265,0.5379,,.exp/baseline/results/v2_01,,,0.6213
v2,F2-XGB-Concat,popularity,metadata_text_image,xgboost,adapted,2808,1559,9688.3006,26023.817,0.5108,0.8579,0.7254,0.9021,.exp/baseline/results/v2_01,0.762,0.4772,
v2,F2-XGB-Concat,meanScore,metadata_text_image,xgboost,adapted,2808,1559,8.5473,10.7021,-0.0231,0.5102,0.5279,,.exp/baseline/results/v2_01,,,0.6375
v2,T2-XGB-TextEmb,popularity,text_embedding,xgboost,adapted,2808,384,15203.9965,38344.8675,-0.0621,0.6433,0.4337,1.5077,.exp/baseline/results/v2_01,0.392,0.2817,
v2,T2-XGB-TextEmb,meanScore,text_embedding,xgboost,adapted,2808,384,10.6671,12.8603,-0.4773,0.2262,0.2316,,.exp/baseline/results/v2_01,,,0.5082
v2,I1-XGB-ImageEmb,popularity,image_embedding,xgboost,adapted,3087,1024,13928.1819,35857.6995,-0.0039,0.582,0.3668,1.6629,.exp/baseline/results/v2_01,0.2892,0.2203,
v2,I1-XGB-ImageEmb,meanScore,image_embedding,xgboost,adapted,3087,1024,9.4161,11.5892,-0.1603,0.2826,0.3001,,.exp/baseline/results/v2_01,,,0.5935
v2,C1-Armenta-ProjectInputProxy,popularity,metadata_text_image,armenta_project_input_mlp,adapted,2808,1559,11672.2261,29310.7294,0.3794,0.8287,0.6243,1.0271,.exp/baseline/results/v2_01_2,0.6955,0.4213,
v2,C1-Armenta-ProjectInputProxy,meanScore,metadata_text_image,armenta_project_input_mlp,adapted,2808,1559,9.2523,11.5823,-0.1983,0.4307,0.4425,,.exp/baseline/results/v2_01_2,,,0.6111
v2,C2-ProjectInputCrossAttention,popularity,metadata_text_image,project_input_cross_attention,adapted,2808,1559,11044.714,28422.3552,0.4165,0.8473,0.6526,0.9887,.exp/baseline/results/v2_01_3,0.7207,0.4313,
v2,C2-ProjectInputCrossAttention,meanScore,metadata_text_image,project_input_cross_attention,adapted,2808,1559,8.4384,10.5345,0.0087,0.4837,0.4969,,.exp/baseline/results/v2_01_3,,,0.6556
v2,C2-ProjectInputRecurrentFusion,popularity,metadata_text_image,project_input_recurrent_fusion,adapted,2808,1559,11302.3265,28605.0636,0.409,0.8479,0.6455,0.994,.exp/baseline/results/v2_01_4,0.7188,0.4313,
v2,C2-ProjectInputRecurrentFusion,meanScore,metadata_text_image,project_input_recurrent_fusion,adapted,2808,1559,8.9897,11.2596,-0.1324,0.4373,0.4512,,.exp/baseline/results/v2_01_4,,,0.6204
v2,C2-CTNN-Lite,popularity,text_image,cross_modal_transformer,adapted,2808,1408,14129.7782,33698.0024,0.1798,0.7301,0.4536,1.2976,.exp/baseline/results/v2_01_5,0.5097,0.3444,
v2,C2-CTNN-Lite,meanScore,text_image,cross_modal_transformer,adapted,2808,1408,9.5143,11.8327,-0.2506,0.303,0.3135,,.exp/baseline/results/v2_01_5,,,0.5972
v2,C3-RAG-None-XGB,popularity,metadata_text_image_rag_none,xgboost,inspired,2808,1567,9584.3608,25714.1898,0.5224,0.8584,0.7337,0.8977,.exp/baseline/results/v2_01_6,0.7629,0.4783,
v2,C3-RAG-None-XGB,meanScore,metadata_text_image_rag_none,xgboost,inspired,2808,1567,8.4819,10.6057,-0.0047,0.5175,0.5337,,.exp/baseline/results/v2_01_6,,,0.6439
v2,C3-RAG-Sparse-XGB,popularity,metadata_text_image_rag_sparse,xgboost,inspired,2808,1643,9564.7193,23998.2072,0.584,0.8699,0.7708,0.9463,.exp/baseline/results/v2_01_7,0.7421,0.4573,
v2,C3-RAG-Sparse-XGB,meanScore,metadata_text_image_rag_sparse,xgboost,inspired,2808,1643,8.3676,10.4115,0.0317,0.5193,0.5381,,.exp/baseline/results/v2_01_7,,,0.6499
v2,C3-RAG-Dense-XGB,popularity,metadata_text_image_rag_dense,xgboost,inspired,2808,1643,10068.9599,26980.2848,0.4742,0.8517,0.7015,0.9178,.exp/baseline/results/v2_01_8,0.7522,0.4555,
v2,C3-RAG-Dense-XGB,meanScore,metadata_text_image_rag_dense,xgboost,inspired,2808,1643,8.4275,10.563,0.0034,0.5172,0.5348,,.exp/baseline/results/v2_01_8,,,0.6503
v2,C3-RAG-Hybrid-XGB,popularity,metadata_text_image_rag_hybrid,xgboost,inspired,2808,1643,10298.5317,27239.7432,0.464,0.8487,0.6926,0.95,.exp/baseline/results/v2_01_9,0.7381,0.4519,
v2,C3-RAG-Hybrid-XGB,meanScore,metadata_text_image_rag_hybrid,xgboost,inspired,2808,1643,8.4433,10.5279,0.01,0.5367,0.5529,,.exp/baseline/results/v2_01_9,,,0.6421
v2,C3-RAG-Selective-XGB,popularity,metadata_text_image_rag_selective,xgboost,inspired,2808,1643,9520.2222,23821.163,0.5901,0.8719,0.7782,0.943,.exp/baseline/results/v2_01_10,0.7442,0.4605,
v2,C3-RAG-Selective-XGB,meanScore,metadata_text_image_rag_selective,xgboost,inspired,2808,1643,8.309,10.3573,0.0418,0.5234,0.5415,,.exp/baseline/results/v2_01_10,,,0.6571
v2,C3-ProjectInputSKAPPProxy-XGB,popularity,metadata_text_image_rag_skapp_proxy,xgboost,inspired,2808,1652,10121.7524,25847.4864,0.5174,0.8563,0.7229,0.9682,.exp/baseline/results/v2_01_11,0.7323,0.4501,
v2,C3-ProjectInputSKAPPProxy-XGB,meanScore,metadata_text_image_rag_skapp_proxy,xgboost,inspired,2808,1652,8.263,10.3281,0.0472,0.5217,0.5386,,.exp/baseline/results/v2_01_11,,,0.6667
v2,C1-Armenta-ProjectInputReconstruction,popularity,metadata_gpt2_resnet50_image,armenta_project_input_mlp,structure_complete_project_input,3087,5017,10501.5398,27807.046,0.3963,0.8149,0.6414,1.0244,.exp/baseline/results/v2_01_12,0.6953,0.4137,
v2,C1-Armenta-ProjectInputReconstruction,meanScore,metadata_gpt2_resnet50_image,armenta_project_input_mlp,structure_complete_project_input,3087,5017,10.5367,13.1691,-0.4982,0.4447,0.4278,,.exp/baseline/results/v2_01_12,,,0.5507
v2,C2-ProjectInputCTNNReconstruction,popularity,metadata_gpt2_resnet50_image,project_input_ctnn_reconstruction,structure_complete_project_input,3087,5017,10448.2886,27281.7552,0.4189,0.8481,0.6671,0.9725,.exp/baseline/results/v2_01_13,0.728,0.4321,
v2,C2-ProjectInputCTNNReconstruction,meanScore,metadata_gpt2_resnet50_image,project_input_ctnn_reconstruction,structure_complete_project_input,3087,5017,8.3066,10.4642,0.0541,0.5269,0.5429,,.exp/baseline/results/v2_01_13,,,0.6631
v2,C3-ProjectInputSKAPPGraphProxy,popularity,metadata_text_image_rag_skapp_graph_proxy,project_input_skapp_graph_proxy,adapted,2808,15695,11512.0077,28709.7153,0.4046,0.8563,0.6758,0.989,.exp/baseline/results/v2_01_14,0.7222,0.4348,
v2,C3-ProjectInputSKAPPGraphProxy,meanScore,metadata_text_image_rag_skapp_graph_proxy,project_input_skapp_graph_proxy,adapted,2808,15695,8.5741,10.7671,-0.0355,0.4719,0.4918,,.exp/baseline/results/v2_01_14,,,0.646
v2_highres,I1-XGB-ImageEmb,popularity,image_embedding,xgboost,adapted,3087,3075,12100.8365,31817.5965,0.2096,0.7257,0.5338,1.359,.exp/baseline/results/v2_highres_01,0.4804,0.3058,
v2_highres,I1-XGB-ImageEmb,meanScore,image_embedding,xgboost,adapted,3087,3075,8.6345,10.8141,-0.0103,0.418,0.4335,,.exp/baseline/results/v2_highres_01,,,0.6391
v2_highres,F2-XGB-Concat,popularity,metadata_text_image,xgboost,adapted,2808,3994,9539.7047,24917.8974,0.5515,0.865,0.7544,0.8828,.exp/baseline/results/v2_highres_01_2,0.776,0.4708,
v2_highres,F2-XGB-Concat,meanScore,metadata_text_image,xgboost,adapted,2808,3994,8.2031,10.279,0.0562,0.553,0.571,,.exp/baseline/results/v2_highres_01_2,,,0.6556
v2_highres,C1-Armenta-ProjectInputProxy,popularity,metadata_text_image,armenta_project_input_mlp,adapted,2808,3994,11095.5952,28013.2702,0.4332,0.8418,0.6637,0.9538,.exp/baseline/results/v2_highres_01_3,0.731,0.4626,
v2_highres,C1-Armenta-ProjectInputProxy,meanScore,metadata_text_image,armenta_project_input_mlp,adapted,2808,3994,8.4901,10.679,-0.0187,0.4808,0.4975,,.exp/baseline/results/v2_highres_01_3,,,0.6503
v2_highres,C2-CTNN-Lite,popularity,text_image,cross_modal_transformer,adapted,2808,3843,13383.7815,30991.1308,0.3062,0.8176,0.6002,1.1052,.exp/baseline/results/v2_highres_01_4,0.6411,0.3967,
v2_highres,C2-CTNN-Lite,meanScore,text_image,cross_modal_transformer,adapted,2808,3843,8.5829,10.7676,-0.0356,0.4259,0.4453,,.exp/baseline/results/v2_highres_01_4,,,0.6478
v2_highres,C2-ProjectInputCrossAttention,popularity,metadata_text_image,project_input_cross_attention,adapted,2808,3994,11193.8393,27649.9095,0.4478,0.8647,0.6897,0.9236,.exp/baseline/results/v2_highres_01_5,0.7525,0.4601,
v2_highres,C2-ProjectInputCrossAttention,meanScore,metadata_text_image,project_input_cross_attention,adapted,2808,3994,8.063,10.2662,0.0586,0.5044,0.5254,,.exp/baseline/results/v2_highres_01_5,,,0.6863
v2_highres,C2-ProjectInputRecurrentFusion,popularity,metadata_text_image,project_input_recurrent_fusion,adapted,2808,3994,10469.808,26964.748,0.4748,0.8673,0.6921,0.9151,.exp/baseline/results/v2_highres_01_6,0.7607,0.4605,
v2_highres,C2-ProjectInputRecurrentFusion,meanScore,metadata_text_image,project_input_recurrent_fusion,adapted,2808,3994,8.3908,10.5612,0.0037,0.4895,0.5107,,.exp/baseline/results/v2_highres_01_6,,,0.672
v2_highres,C3-RAG-None-XGB,popularity,metadata_text_image_rag_none,xgboost,inspired,2808,4002,9582.1103,25124.8945,0.544,0.8652,0.7488,0.8813,.exp/baseline/results/v2_highres_01_7,0.7769,0.4836,
v2_highres,C3-RAG-None-XGB,meanScore,metadata_text_image_rag_none,xgboost,inspired,2808,4002,8.2119,10.2677,0.0583,0.5575,0.573,,.exp/baseline/results/v2_highres_01_7,,,0.656
v2_highres,C3-RAG-Sparse-XGB,popularity,metadata_text_image_rag_sparse,xgboost,inspired,2808,4078,9219.1995,23114.4869,0.6141,0.8715,0.7858,0.9253,.exp/baseline/results/v2_highres_01_8,0.7523,0.4679,
v2_highres,C3-RAG-Sparse-XGB,meanScore,metadata_text_image_rag_sparse,xgboost,inspired,2808,4078,8.0691,10.0726,0.0938,0.5563,0.5731,,.exp/baseline/results/v2_highres_01_8,,,0.6731
v2_highres,C3-RAG-Dense-XGB,popularity,metadata_text_image_rag_dense,xgboost,inspired,2808,4078,9662.1298,24953.2523,0.5502,0.8614,0.7505,0.896,.exp/baseline/results/v2_highres_01_9,0.7722,0.4651,
v2_highres,C3-RAG-Dense-XGB,meanScore,metadata_text_image_rag_dense,xgboost,inspired,2808,4078,8.0937,10.1452,0.0806,0.558,0.5751,,.exp/baseline/results/v2_highres_01_9,,,0.6699
v2_highres,C3-RAG-Hybrid-XGB,popularity,metadata_text_image_rag_hybrid,xgboost,inspired,2808,4078,9967.652,25477.1057,0.5312,0.8641,0.7359,0.8972,.exp/baseline/results/v2_highres_01_10,0.7722,0.4651,
v2_highres,C3-RAG-Hybrid-XGB,meanScore,metadata_text_image_rag_hybrid,xgboost,inspired,2808,4078,8.1344,10.1904,0.0724,0.5657,0.5855,,.exp/baseline/results/v2_highres_01_10,,,0.6635
v2_highres,C3-RAG-Selective-XGB,popularity,metadata_text_image_rag_selective,xgboost,inspired,2808,4078,9256.1195,22990.5556,0.6182,0.8719,0.7874,0.9266,.exp/baseline/results/v2_highres_01_11,0.7537,0.4665,
v2_highres,C3-RAG-Selective-XGB,meanScore,metadata_text_image_rag_selective,xgboost,inspired,2808,4078,8.0901,10.1024,0.0884,0.5561,0.5742,,.exp/baseline/results/v2_highres_01_11,,,0.6667
v2_highres,C3-ProjectInputSKAPPProxy-XGB,popularity,metadata_text_image_rag_skapp_proxy,xgboost,inspired,2808,4087,10075.2543,25153.185,0.543,0.8633,0.7393,0.9363,.exp/baseline/results/v2_highres_01_12,0.7521,0.4548,
v2_highres,C3-ProjectInputSKAPPProxy-XGB,meanScore,metadata_text_image_rag_skapp_proxy,xgboost,inspired,2808,4087,7.8582,9.8838,0.1274,0.5634,0.5823,,.exp/baseline/results/v2_highres_01_12,,,0.6912
v2_highres,C3-ProjectInputSKAPPGraphProxy,popularity,metadata_text_image_rag_skapp_graph_proxy,project_input_skapp_graph_proxy,adapted,2808,42480,11254.5741,29150.9954,0.3862,0.8737,0.6929,0.9305,.exp/baseline/results/v2_highres_01_13,0.7575,0.4494,
v2_highres,C3-ProjectInputSKAPPGraphProxy,meanScore,metadata_text_image_rag_skapp_graph_proxy,project_input_skapp_graph_proxy,adapted,2808,42480,8.1218,10.2195,0.0671,0.5169,0.5453,,.exp/baseline/results/v2_highres_01_13,,,0.6806
c3_source_exact_k64,C3-SourceExact-Staged-K64,popularity,skapp_source_faithful_npz,source_exact_staged,source_faithful_diagnostic,3087,64,99140.0794,143347.7822,-15.0432,0.317,0.2336,3.4361,.exp/baseline/results/v2_source_exact_c3_pop_urgent_k64,-2.1272,0.0901,
