exam,variant,target,slice_type,slice_value,n,spearman,actual_mean,pred_mean,actual_median,pred_median,metric,error,signed_error,actual_to_pred_ratio
pop_only,no_yolo,popularity,popularity_quantile,Q1_low,753,0.013840273520918336,100.73705179282868,393.5012354640345,108.0,322.2391414050217,log_mae,1.2362168231328439,1.2295057047747324,0.25600186915305356
pop_only,no_yolo,popularity,popularity_quantile,Q2,753,0.04997837731013627,163.09561752988049,446.87193123877995,159.0,357.0707863685454,log_mae,0.8593649483211507,0.7999462047845345,0.36497172037133957
pop_only,no_yolo,popularity,popularity_quantile,Q3,753,0.015127973106106661,307.61752988047806,519.9624444220353,303.0,400.0678270454843,log_mae,0.5705126685483959,0.27481160397406157,0.5916149006153907
pop_only,no_yolo,popularity,popularity_quantile,Q4,753,0.2779295558094594,686.9654714475431,927.2747471179509,612.0,558.3300168453777,log_mae,0.6341286566193269,-0.12164729957518455,0.7408435025138886
pop_only,no_yolo,popularity,popularity_quantile,Q5_high,753,0.2426650910698335,17800.314741035858,1610.553634621012,5392.0,1092.1882989157275,log_mae,1.879269969927926,-1.7903544520820955,11.052295532662932
pop_only,no_yolo,popularity,release_period,2010-2014,613,0.36373640692596576,3735.009787928222,597.5016105892278,283.0,399.60653803315415,log_mae,0.9973328240452888,0.023561159432757783,6.251045556588429
pop_only,no_yolo,popularity,release_period,2015-2019,1137,0.3800548748456548,3548.233948988566,622.4415382462895,258.0,398.7745289923543,log_mae,1.029056198922789,0.07943456004513927,5.700509575542805
pop_only,no_yolo,popularity,release_period,2020-2026,1183,0.5942369665272308,5460.506339814032,767.5997318708603,268.0,472.8934225660077,log_mae,1.1413583994802585,-0.047506706497292994,7.113741854110885
pop_only,no_yolo,popularity,release_period,<=2009,828,0.48574464411175183,1767.3852657004832,1147.9685558997974,395.0,602.114345597367,log_mae,0.9141030604506993,0.31215639388157274,1.5395763730785956
pop_only,no_yolo,popularity,format_slice,MOVIE,861,0.3903437985891575,1897.6469221835075,953.2313363109789,183.0,380.70032698949615,log_mae,1.050552191043575,0.4494148571897092,1.990751719857881
pop_only,no_yolo,popularity,format_slice,ONA,1118,0.2672674784607977,1093.4212880143114,501.9577482874157,261.5,392.4138722824216,log_mae,0.8997718545134249,0.28637064285246316,2.1783133973822633
pop_only,no_yolo,popularity,format_slice,OVA,296,0.43132861380282717,3111.429054054054,808.046492017753,416.5,622.1892102626593,log_mae,0.8509993857725915,0.14353477527480263,3.850556972637281
pop_only,no_yolo,popularity,format_slice,SPECIAL,761,0.6405134816961999,8516.735873850197,1082.014906185209,967.0,756.8080290663655,log_mae,1.2217211618027735,-0.5357023558243419,7.871181649314898
pop_only,no_yolo,popularity,format_slice,TV,715,0.48182767253493713,5580.904895104895,673.2186942553485,248.0,408.9439442057424,log_mae,1.0920786672605207,-0.03234070563594607,8.289884019453693
pop_only,no_yolo,popularity,format_slice,UNKNOWN,14,0.4945054945054946,7309.928571428572,675.0051314710234,3466.5,454.42950600249424,log_mae,1.9447171332489057,-1.6734757304317718,10.829441482168008
pop_only,no_yolo,popularity,source_slice,LIGHT_NOVEL,213,0.508429050499435,20746.798122065728,1710.0031343357552,4116.0,1082.8331518956986,log_mae,1.75691098385111,-1.2164901295159534,12.132608242337959
pop_only,no_yolo,popularity,source_slice,MANGA,591,0.558848006691464,10361.260575296108,1245.4723509653245,1582.0,924.9315889007888,log_mae,1.365662886783462,-0.7530455628762401,8.319141382195628
pop_only,no_yolo,popularity,source_slice,ORIGINAL,1760,0.27051116118573754,969.6170454545454,582.4892949904657,195.0,357.1584460583318,log_mae,0.9243786046500438,0.3713095128327516,1.6646092104927288
pop_only,no_yolo,popularity,source_slice,OTHER,263,0.41775856682991597,752.7300380228137,794.8897575419493,293.0,436.02558403468566,log_mae,0.894500626075386,0.3888643621954403,0.9469615514363818
pop_only,no_yolo,popularity,source_slice,OTHER_SMALL,291,0.350751182318103,2601.9896907216494,599.2978635984988,275.0,453.82788922579886,log_mae,0.9548001053992299,0.3113562280555127,4.341730296013302
pop_only,no_yolo,popularity,source_slice,UNKNOWN,395,0.37221219362532804,441.04810126582277,632.910244956699,278.0,482.2079952537403,log_mae,0.7720484766569765,0.5314933383056393,0.6968572633802087
pop_only,no_yolo,popularity,source_slice,VIDEO_GAME,252,0.4112234506894011,3860.1746031746034,699.9217028199068,522.0,515.145976186708,log_mae,1.086759863769779,-0.2253379718194638,5.5151520343238225
pop_only,no_yolo,popularity,popularity_tail,lower_90pct,3388,0.3882615444140024,581.8459268004723,662.8881102070359,264.0,423.5376010607283,log_mae,0.855409007234074,0.38280655235460503,0.8777437969414594
pop_only,no_yolo,popularity,popularity_tail,top_10pct,377,0.2416074352980713,32838.010610079575,1828.7866558223172,17056.0,1278.4291802783498,log_mae,2.6579113066388316,-2.6566989195881634,17.95617356761273
dual,no_yolo,popularity,popularity_quantile,Q1_low,241,0.17675035902745884,409.8464730290456,447.9374086638377,419.0,373.061912236912,log_mae,0.4748920337354106,-0.06787424725260875,0.9149637094423206
dual,no_yolo,popularity,popularity_quantile,Q2,240,0.25991076046417444,680.3333333333334,882.0600506834448,672.0,561.9807614353278,log_mae,0.5657193712477079,-0.16726028770443818,0.7713004718966606
dual,no_yolo,popularity,popularity_quantile,Q3,240,0.1829283351784022,1276.4625,1456.7750138780584,1249.5,775.2968590069472,log_mae,0.8286296870373443,-0.34570133837699046,0.876224871953253
dual,no_yolo,popularity,popularity_quantile,Q4,240,0.10939047269758595,3558.4083333333333,1191.6179778620537,3276.0,949.2192382067866,log_mae,1.304333209694372,-1.2846517445447332,2.9861989324109275
dual,no_yolo,popularity,popularity_quantile,Q5_high,241,0.26867868657597377,36350.73858921162,2089.6881668140118,18566.0,1413.150669101277,log_mae,2.676781365922244,-2.674884810245473,17.3952933105004
dual,no_yolo,popularity,release_period,2010-2014,205,0.6477436357659653,10735.439024390244,980.1381764716871,1292.0,598.0237775933144,log_mae,1.300416327454594,-1.1829390757317877,10.952985285233765
dual,no_yolo,popularity,release_period,2015-2019,387,0.6640087370378605,10023.839793281653,1026.888257955523,1276.0,623.0473886120154,log_mae,1.2647680591421555,-1.138976398542036,9.761373465540016
dual,no_yolo,popularity,release_period,2020-2026,279,0.5395077790002389,9957.021505376344,1162.4325908282397,1355.0,769.8626864952188,log_mae,1.2279677867066832,-0.9852095692998897,8.56567648217942
dual,no_yolo,popularity,release_period,<=2009,331,0.44747927383853897,4002.870090634441,1620.0112357258408,1131.0,836.09684281212,log_mae,0.9322762390489001,-0.40565648100260654,2.470890326165527
dual,no_yolo,popularity,format_slice,MOVIE,177,0.35042013215179285,6447.141242937853,2129.5353337274228,1331.0,757.5835235619771,log_mae,1.3320468106604717,-0.5450699751875042,3.0274873306061223
dual,no_yolo,popularity,format_slice,ONA,383,0.3506274072820739,2572.135770234987,612.8503921428161,619.0,444.1141700210858,log_mae,0.8318111154955523,-0.6218633146956659,4.19700436388982
dual,no_yolo,popularity,format_slice,OVA,127,0.5886078359600501,6878.779527559055,1022.3808737952388,831.0,750.3687036404782,log_mae,0.8808691585328933,-0.7068610630931582,6.728196608396969
dual,no_yolo,popularity,format_slice,SPECIAL,481,0.4997161589581359,13265.293139293139,1430.6245409680337,3192.0,991.5631403660688,log_mae,1.4085695559350715,-1.2626737372962373,9.272379131925952
dual,no_yolo,popularity,format_slice,TV,34,0.5972498090145149,23601.970588235294,860.4195421689251,1158.0,518.1915385713667,log_mae,1.8673162168355788,-1.784226000540204,27.430770027305527
dual,no_yolo,popularity,source_slice,LIGHT_NOVEL,115,0.49252839211094046,27914.2,2099.5172546817835,7501.0,1254.377800055624,log_mae,1.9335342332956966,-1.7602605411117433,13.295532550519981
dual,no_yolo,popularity,source_slice,MANGA,306,0.42872656942353643,12683.601307189543,1515.4422325546175,3065.0,1146.0611769149693,log_mae,1.4065509369799605,-1.2365272864214794,8.369570963987515
dual,no_yolo,popularity,source_slice,ORIGINAL,386,0.49126059250393994,3243.497409326425,1044.3757687352609,751.0,504.22149583952665,log_mae,1.042810187037001,-0.638732047595043,3.1056804518303798
dual,no_yolo,popularity,source_slice,OTHER,79,0.46348781325660526,1623.3164556962026,1212.2953231569804,664.0,529.7927215307968,log_mae,0.8323602648883087,-0.3978457399447036,1.3390437335589713
dual,no_yolo,popularity,source_slice,OTHER_SMALL,84,0.49880275599691704,8098.333333333333,844.9410585249785,838.5,636.7954870780194,log_mae,0.9655387856618957,-0.8284705907897544,9.584494979413911
dual,no_yolo,popularity,source_slice,UNKNOWN,83,0.20859024482421037,1182.9759036144578,717.6208635584536,715.0,648.950530116594,log_mae,0.5320945121114504,-0.34425625864785553,1.6484692177822933
dual,no_yolo,popularity,source_slice,VIDEO_GAME,149,0.4896566923381784,6261.4496644295305,834.0183125438609,1202.0,615.9237331827172,log_mae,1.0800383521099,-0.9092593759266018,7.507568563250512
dual,no_yolo,popularity,popularity_tail,lower_90pct,1081,0.5117051099246545,2534.0980573543015,1065.7183287417029,1055.0,657.0091176134151,log_mae,0.9403993369418099,-0.6491829707760002,2.377830979360484
dual,no_yolo,popularity,popularity_tail,top_10pct,121,0.22064760872510494,61517.27272727273,2535.8262851407817,40447.0,1662.3593906061471,log_mae,3.2286392594914064,-3.2286392594914064,24.259261404358174
dual,no_yolo,meanScore,popularity_quantile,Q1_low,241,0.3642365250664773,55.483817427385894,50.84899082703123,55.8,52.09224303155141,mae,6.321815344130689,-4.634826600354658,
dual,no_yolo,meanScore,popularity_quantile,Q2,240,0.4844101390812498,57.357083333333335,53.297548255771794,57.4,53.923416521002316,mae,5.455631478970454,-4.059535077561532,
dual,no_yolo,meanScore,popularity_quantile,Q3,240,0.5165961986969155,57.83541666666667,55.58745046612512,58.650000000000006,55.86483085717777,mae,4.8002736203830825,-2.247966200541548,
dual,no_yolo,meanScore,popularity_quantile,Q4,240,0.28129869687233244,62.514583333333334,57.84727706919849,63.0,58.85600896354391,mae,6.263242568655236,-4.667306264134839,
dual,no_yolo,meanScore,popularity_quantile,Q5_high,241,0.2659376322749321,68.40124481327801,59.922932728712034,68.2,60.192525534757166,mae,8.83037470668026,-8.478312084565973,
dual,no_yolo,meanScore,score_quantile,Q1_low,241,0.13735996764615577,51.111203319502074,49.46972493734054,51.900000000000006,49.24419598749201,mae,5.436579798093941,-1.6414783821615375,
dual,no_yolo,meanScore,score_quantile,Q2,240,0.11574189018852811,56.555,53.385141427921404,56.6,54.135672833872064,mae,4.989002382767596,-3.169858572078596,
dual,no_yolo,meanScore,score_quantile,Q3,240,0.1444151211755898,59.88125,56.13994694066989,59.8,56.50962075777458,mae,5.212292405355172,-3.741303059330115,
dual,no_yolo,meanScore,score_quantile,Q4,240,0.12334114283019124,63.67541666666666,58.53918141446354,63.5,59.065936447926454,mae,5.5680714590070615,-5.136235252203128,
dual,no_yolo,meanScore,score_quantile,Q5_high,241,0.21372014997078848,70.37925311203318,59.97573157246805,69.3,60.192525534757166,mae,10.462280547368236,-10.40352153956515,
dual,no_yolo,meanScore,release_period,2010-2014,205,0.631512964482519,59.234146341463415,55.1961996511093,58.9,56.35469802705949,mae,5.899322087221448,-4.037946690354117,
dual,no_yolo,meanScore,release_period,2015-2019,387,0.578462098009613,59.789922480620156,55.15136479176525,58.9,56.27441590050176,mae,6.394820201151783,-4.638557688854893,
dual,no_yolo,meanScore,release_period,2020-2026,279,0.4024160659272008,62.91684587813621,56.956031531132545,61.8,57.80971151528617,mae,7.1577663604402115,-5.960814347003659,
dual,no_yolo,meanScore,release_period,<=2009,331,0.6319027737013401,59.42749244712991,54.87083947649693,59.2,55.25005818461513,mae,5.846223511415674,-4.556652970632973,
dual,no_yolo,meanScore,format_slice,MOVIE,177,0.615880958368128,58.9774011299435,53.825934333689524,58.5,54.71006269439103,mae,7.041683934049438,-5.151466796253972,
dual,no_yolo,meanScore,format_slice,ONA,383,0.4627473909325725,57.30208877284595,52.46679183450406,56.5,53.28952146730101,mae,6.4008820350164655,-4.83529693834189,
dual,no_yolo,meanScore,format_slice,OVA,127,0.5228665332326775,61.67480314960631,54.771304117934754,59.6,54.31358897698667,mae,7.177850318398288,-6.903499031671544,
dual,no_yolo,meanScore,format_slice,SPECIAL,481,0.4040474799134715,62.896673596673594,58.66960498762971,62.8,59.44411515004649,mae,5.772600407486473,-4.2270686090438865,
dual,no_yolo,meanScore,format_slice,TV,34,0.5408420712134177,59.832352941176474,56.287426326215275,58.650000000000006,58.811928490177635,mae,6.769105305644464,-3.544926614961188,
dual,no_yolo,meanScore,source_slice,LIGHT_NOVEL,115,0.3595554835421621,65.40347826086956,59.561554075022,64.1,60.55355425286203,mae,6.828845675742773,-5.841924185847565,
dual,no_yolo,meanScore,source_slice,MANGA,306,0.35054074923851153,64.05326797385622,59.099385816398176,63.9,59.824138106292196,mae,6.527516252569303,-4.953882157458035,
dual,no_yolo,meanScore,source_slice,ORIGINAL,386,0.5464565917824459,57.23575129533679,52.64193613430169,56.55,53.47383524829198,mae,6.55654924833411,-4.5938151610351,
dual,no_yolo,meanScore,source_slice,OTHER,79,0.5488064694350481,56.50886075949367,52.70846999060442,56.4,52.75621974372977,mae,5.330448666581491,-3.800390768889249,
dual,no_yolo,meanScore,source_slice,OTHER_SMALL,84,0.49378291059124496,59.5797619047619,54.23606696932709,58.2,55.35465284266769,mae,6.01927626778455,-5.343694935434826,
dual,no_yolo,meanScore,source_slice,UNKNOWN,83,0.45266501612126187,58.77590361445784,54.47698412930719,58.8,54.494009292718566,mae,5.618421648815536,-4.298919485150652,
dual,no_yolo,meanScore,source_slice,VIDEO_GAME,149,0.41327553929452426,60.02684563758389,55.14505505434554,59.400000000000006,55.57202105610782,mae,6.1050628101236395,-4.881790583238358,
dual,no_yolo,meanScore,popularity_tail,lower_90pct,1081,0.5580438261779946,59.234042553191486,54.94621371452482,59.0,55.83581149338441,mae,5.921581965349888,-4.287828838666666,
dual,no_yolo,meanScore,popularity_tail,top_10pct,121,0.10176329452677199,70.03305785123966,60.45390695368342,69.7,60.70619661252607,mae,10.041678826647233,-9.579150897556248,
pop_only,cover_yolo,popularity,popularity_quantile,Q1_low,753,0.05373061235842087,100.73705179282868,358.7502791881794,108.0,315.9224999808638,log_mae,1.1804884036172958,1.1762440412825865,0.2807999258447627
pop_only,cover_yolo,popularity,popularity_quantile,Q2,753,0.03718836511439326,163.09561752988049,409.97568215879124,159.0,334.98761413550784,log_mae,0.8051513884352783,0.7565583914242167,0.39781778438924703
pop_only,cover_yolo,popularity,popularity_quantile,Q3,753,0.02733505150881153,307.61752988047806,474.1403584040957,303.0,367.1504646707392,log_mae,0.5076621717839137,0.20880970187419887,0.6487900142394223
pop_only,cover_yolo,popularity,popularity_quantile,Q4,753,0.297918536278567,686.9654714475431,826.1601020802634,612.0,489.8626252947981,log_mae,0.6256823602657806,-0.21001789995204598,0.8315161549411191
pop_only,cover_yolo,popularity,popularity_quantile,Q5_high,753,0.25366545104290517,17800.314741035858,1392.203821725631,5392.0,1047.977034200416,log_mae,1.9523771203429903,-1.8745677082706667,12.78571029849095
pop_only,cover_yolo,popularity,release_period,2010-2014,613,0.3842250633075518,3735.009787928222,533.2009389047888,283.0,383.0098457202552,log_mae,0.9773360186274809,-0.025680162353116705,7.00488224120544
pop_only,cover_yolo,popularity,release_period,2015-2019,1137,0.37816405668488307,3548.233948988566,550.3947643622663,258.0,372.124727719215,log_mae,1.0118184620922022,0.012925656647032957,6.446707306708937
pop_only,cover_yolo,popularity,release_period,2020-2026,1183,0.6269858592464818,5460.506339814032,655.0719307777346,268.0,431.31307091583056,log_mae,1.1193875799473185,-0.13399161255280184,8.335735486835839
pop_only,cover_yolo,popularity,release_period,<=2009,828,0.5089478051870655,1767.3852657004832,1058.553772404659,395.0,551.757273074548,log_mae,0.8850731765539529,0.25919446799274176,1.669622565970938
pop_only,cover_yolo,popularity,format_slice,MOVIE,861,0.4043790100347464,1897.6469221835075,881.9968855332859,183.0,385.3716242262613,log_mae,1.0317904526156776,0.43068581144329854,2.1515347200303596
pop_only,cover_yolo,popularity,format_slice,ONA,1118,0.28530837137266746,1093.4212880143114,444.65726177499783,261.5,356.68265990937783,log_mae,0.8598025572799374,0.20442108926450217,2.4590204231671726
pop_only,cover_yolo,popularity,format_slice,OVA,296,0.43672016652798135,3111.429054054054,712.2028982105173,416.5,545.9195398384846,log_mae,0.8368554945678103,0.047977992941495434,4.368739669372082
pop_only,cover_yolo,popularity,format_slice,SPECIAL,761,0.6833619833890944,8516.735873850197,935.761436125064,967.0,703.2610152086189,log_mae,1.2289707587314613,-0.6161372331960134,9.101396515245943
pop_only,cover_yolo,popularity,format_slice,TV,715,0.4988302397465862,5580.904895104895,584.729977298079,248.0,371.8542278722773,log_mae,1.0609490524849492,-0.10874865597515067,9.544413852173523
pop_only,cover_yolo,popularity,format_slice,UNKNOWN,14,0.3934065934065934,7309.928571428572,626.5565542979583,3466.5,411.21000174638715,log_mae,1.9692701866256337,-1.7134321092060927,11.66682962820359
pop_only,cover_yolo,popularity,source_slice,LIGHT_NOVEL,213,0.5317724693454552,20746.798122065728,1411.4580400349796,4116.0,1011.9785326129728,log_mae,1.8061619245035656,-1.3195723233187462,14.698841576297633
pop_only,cover_yolo,popularity,source_slice,MANGA,591,0.5907082636251473,10361.260575296108,1059.6547171672166,1582.0,858.9181098116427,log_mae,1.387999834446203,-0.8584152734047262,9.777959185606184
pop_only,cover_yolo,popularity,source_slice,ORIGINAL,1760,0.28716877463259727,969.6170454545454,536.0830507447558,195.0,330.31392843822056,log_mae,0.8811474950417341,0.3177770102982814,1.8087067742721963
pop_only,cover_yolo,popularity,source_slice,OTHER,263,0.3969549769207095,752.7300380228137,723.9539465779447,293.0,397.1183409882865,log_mae,0.8693062840170328,0.3207408945336855,1.039748511049481
pop_only,cover_yolo,popularity,source_slice,OTHER_SMALL,291,0.38164437080131425,2601.9896907216494,533.7727423554446,275.0,411.30938671381966,log_mae,0.9224980194461742,0.23613401667596867,4.874714432287287
pop_only,cover_yolo,popularity,source_slice,UNKNOWN,395,0.3774403978117992,441.04810126582277,581.4894302208145,278.0,447.0717813767472,log_mae,0.7343604143197304,0.4779407316137002,0.7584799969594278
pop_only,cover_yolo,popularity,source_slice,VIDEO_GAME,252,0.423059474073659,3860.1746031746034,636.8556460384528,522.0,502.9717708267942,log_mae,1.094239461528781,-0.27702648980386907,6.061302317388153
pop_only,cover_yolo,popularity,popularity_tail,lower_90pct,3388,0.4018105542007035,581.8459268004723,599.1080414384404,264.0,391.7779170627537,log_mae,0.8206756207594399,0.3191211434038821,0.9711869755636691
pop_only,cover_yolo,popularity,popularity_tail,top_10pct,377,0.2502807552874335,32838.010610079575,1529.2528620821097,17056.0,1231.0167037662472,log_mae,2.7540747069875273,-2.753956126006793,21.473237961032773
dual,cover_yolo,popularity,popularity_quantile,Q1_low,241,0.1898265299612766,409.8464730290456,402.128727378243,419.0,362.70618840966586,log_mae,0.43765968662435506,-0.14759073088451943,1.0191922265815725
dual,cover_yolo,popularity,popularity_quantile,Q2,240,0.29101874646053616,680.3333333333334,795.4319032423973,672.0,503.363892664362,log_mae,0.5818195911048836,-0.2595982349521289,0.8553005361742586
dual,cover_yolo,popularity,popularity_quantile,Q3,240,0.21677643151717185,1276.4625,1335.452694685587,1249.5,713.026756275488,log_mae,0.8389928779625545,-0.41407426306205664,0.9558275669963171
dual,cover_yolo,popularity,popularity_quantile,Q4,240,0.11120995070445129,3558.4083333333333,1053.289634626528,3276.0,895.9557102971125,log_mae,1.3651646930353647,-1.3517794896765254,3.3783759151822115
dual,cover_yolo,popularity,popularity_quantile,Q5_high,241,0.2593700188972529,36350.73858921162,1723.9041597232394,18566.0,1336.550784323657,log_mae,2.773504400486846,-2.7733189024381457,21.086287415796637
dual,cover_yolo,popularity,release_period,2010-2014,205,0.6981699959590785,10735.439024390244,847.3699936044177,1292.0,591.4944496220149,log_mae,1.3274269342606337,-1.2452816257580361,12.669128132240575
dual,cover_yolo,popularity,release_period,2015-2019,387,0.6997226197659305,10023.839793281653,883.7031139313729,1276.0,610.8458826361873,log_mae,1.3094431349897515,-1.2260609385126633,11.342994762899625
dual,cover_yolo,popularity,release_period,2020-2026,279,0.5767648657179225,9957.021505376344,961.746380327133,1355.0,670.5509397922419,log_mae,1.2620493824902559,-1.088305437899931,10.353063665276823
dual,cover_yolo,popularity,release_period,<=2009,331,0.5036475529996542,4002.870090634441,1488.0499930904023,1131.0,790.2597489436046,log_mae,0.9411971946200213,-0.4732391692376258,2.6900104897156223
dual,cover_yolo,popularity,format_slice,MOVIE,177,0.3886835101864686,6447.141242937853,1952.0024938829142,1331.0,757.4015052649132,log_mae,1.315742426380845,-0.5877456631747557,3.302834531790597
dual,cover_yolo,popularity,format_slice,ONA,383,0.38308555476634787,2572.135770234987,540.9866875873744,619.0,416.53263399899816,log_mae,0.8497832878264805,-0.6977707576228195,4.754526921366366
dual,cover_yolo,popularity,format_slice,OVA,127,0.6428707433202243,6878.779527559055,886.5664710550473,831.0,633.9958277151096,log_mae,0.9459009029391858,-0.8352492652275355,7.758898799063594
dual,cover_yolo,popularity,format_slice,SPECIAL,481,0.54230525509493,13265.293139293139,1217.3923204113535,3192.0,962.1595056817596,log_mae,1.4523950915034745,-1.350531237880974,10.896481698529882
dual,cover_yolo,popularity,format_slice,TV,34,0.6348357524828112,23601.970588235294,756.2867911602357,1158.0,451.6150817326631,log_mae,1.924711808972725,-1.8555392358945841,31.20769906879771
dual,cover_yolo,popularity,source_slice,LIGHT_NOVEL,115,0.519353190550191,27914.2,1668.189248847704,7501.0,1180.848687965408,log_mae,2.004337241266473,-1.8747682870507096,16.733233366227267
dual,cover_yolo,popularity,source_slice,MANGA,306,0.4454452249285182,12683.601307189543,1288.671460764025,3065.0,1077.165318500887,log_mae,1.4711104646072903,-1.342468496142191,9.84238550582141
dual,cover_yolo,popularity,source_slice,ORIGINAL,386,0.5512035177154228,3243.497409326425,975.4297866860403,751.0,492.29771448427164,log_mae,1.0319992508783293,-0.683243496705197,3.3251982393791746
dual,cover_yolo,popularity,source_slice,OTHER,79,0.47306697523651414,1623.3164556962026,1104.1835705278497,664.0,452.1034300707637,log_mae,0.8772449642352186,-0.492235313347958,1.4701508870668887
dual,cover_yolo,popularity,source_slice,OTHER_SMALL,84,0.5680353554672805,8098.333333333333,730.7895075918752,838.5,535.7028772273727,log_mae,1.0202636371707297,-0.9388639620763998,11.081622340226616
dual,cover_yolo,popularity,source_slice,UNKNOWN,83,0.24181775250287454,1182.9759036144578,651.5080607381526,715.0,566.2763997437771,log_mae,0.5425973231386115,-0.4265274786683783,1.815750218461084
dual,cover_yolo,popularity,source_slice,VIDEO_GAME,149,0.5522126397970009,6261.4496644295305,746.2592186695747,1202.0,600.5201143367441,log_mae,1.0971455880975403,-0.9850272001315649,8.390448664195258
dual,cover_yolo,popularity,popularity_tail,lower_90pct,1081,0.5592288375258222,2534.0980573543015,954.5421544710061,1055.0,610.8458826361873,log_mae,0.9586726998183872,-0.7251136200571114,2.654778571574624
dual,cover_yolo,popularity,popularity_tail,top_10pct,121,0.2129521745020999,61517.27272727273,2022.443575383326,40447.0,1475.0380049939272,log_mae,3.357023763593353,-3.357023763593353,30.417299882204617
dual,cover_yolo,meanScore,popularity_quantile,Q1_low,241,0.3850012195684652,55.483817427385894,50.221815435332836,55.8,51.41008903771139,mae,6.487178428867941,-5.262001992053057,
dual,cover_yolo,meanScore,popularity_quantile,Q2,240,0.503677127181216,57.357083333333335,52.84651128279376,57.4,53.429495078962304,mae,5.58953260721752,-4.510572050539569,
dual,cover_yolo,meanScore,popularity_quantile,Q3,240,0.5291880495521267,57.83541666666667,55.12373617273972,58.650000000000006,55.309510074617705,mae,4.835770099054447,-2.7116804939269583,
dual,cover_yolo,meanScore,popularity_quantile,Q4,240,0.29815159066591856,62.514583333333334,57.438985916069335,63.0,58.41236063087079,mae,6.372509716866602,-5.075597417263998,
dual,cover_yolo,meanScore,popularity_quantile,Q5_high,241,0.28177291788873676,68.40124481327801,59.49635251643976,68.2,59.87656402699627,mae,9.16362267143299,-8.904892296838252,
dual,cover_yolo,meanScore,score_quantile,Q1_low,241,0.14887941058941023,51.111203319502074,49.00563413800285,51.900000000000006,48.69843962599703,mae,5.310294650022118,-2.105569181499228,
dual,cover_yolo,meanScore,score_quantile,Q2,240,0.13165282818418805,56.555,52.887408864612794,56.6,53.56129176748042,mae,5.051279620488165,-3.667591135387204,
dual,cover_yolo,meanScore,score_quantile,Q3,240,0.18865336066561386,59.88125,55.6192736642931,59.8,55.942891300023774,mae,5.294987139638514,-4.261976335706908,
dual,cover_yolo,meanScore,score_quantile,Q4,240,0.12232809975248367,63.67541666666666,58.11171025061938,63.5,58.53931951740878,mae,5.86649874137656,-5.563706416047281,
dual,cover_yolo,meanScore,score_quantile,Q5_high,241,0.2246490602490583,70.37925311203318,59.50839166480131,69.3,59.88057450799005,mae,10.923125791326443,-10.870861447231883,
dual,cover_yolo,meanScore,release_period,2010-2014,205,0.6625708421147937,59.234146341463415,54.61058178678351,58.9,55.71679931229987,mae,6.062011554869359,-4.623564554679903,
dual,cover_yolo,meanScore,release_period,2015-2019,387,0.599494056782762,59.789922480620156,54.587478833434105,58.9,55.9098785050753,mae,6.560918717574875,-5.2024436471860485,
dual,cover_yolo,meanScore,release_period,2020-2026,279,0.43119815863307936,62.91684587813621,56.46558846395235,61.8,56.89916613864069,mae,7.399815341686119,-6.45125741418385,
dual,cover_yolo,meanScore,release_period,<=2009,331,0.6503408340430819,59.42749244712991,54.57967289815573,59.2,55.00330161297892,mae,5.912331280802592,-4.847819548974189,
dual,cover_yolo,meanScore,format_slice,MOVIE,177,0.6270805056315835,58.9774011299435,53.40182909617614,58.5,53.57191130434977,mae,7.146852156385168,-5.575572033767366,
dual,cover_yolo,meanScore,format_slice,ONA,383,0.5007219163248173,57.30208877284595,51.8567266615196,56.5,52.41630877630124,mae,6.593784856248297,-5.445362111326352,
dual,cover_yolo,meanScore,format_slice,OVA,127,0.5189261747107671,61.67480314960631,54.4835515858801,59.6,53.9855123922991,mae,7.373440559450446,-7.191251563726209,
dual,cover_yolo,meanScore,format_slice,SPECIAL,481,0.4188322007746242,62.896673596673594,58.24308153238942,62.8,58.90310115630321,mae,5.903398829825119,-4.6535920642841795,
dual,cover_yolo,meanScore,format_slice,TV,34,0.5640712305308632,59.832352941176474,55.66797516737069,58.650000000000006,57.95406280762409,mae,6.9689360854829365,-4.164377773805771,
dual,cover_yolo,meanScore,source_slice,LIGHT_NOVEL,115,0.3791180290819257,65.40347826086956,59.119762040995575,64.1,60.11193040905628,mae,7.023173696596388,-6.283716219873993,
dual,cover_yolo,meanScore,source_slice,MANGA,306,0.36725387791909714,64.05326797385622,58.596180087362,63.9,59.3442695899451,mae,6.727958362584211,-5.457087886494216,
dual,cover_yolo,meanScore,source_slice,ORIGINAL,386,0.5699378970986295,57.23575129533679,52.12916146237734,56.55,52.77342715878039,mae,6.66695177714596,-5.106589832959448,
dual,cover_yolo,meanScore,source_slice,OTHER,79,0.5715085669285905,56.50886075949367,52.284245733181876,56.4,52.16432292941597,mae,5.4684067571086015,-4.224615026311792,
dual,cover_yolo,meanScore,source_slice,OTHER_SMALL,84,0.5217496989079619,59.5797619047619,53.900486156684096,58.2,54.40017469810021,mae,6.18547361219885,-5.679275748077809,
dual,cover_yolo,meanScore,source_slice,UNKNOWN,83,0.4658601352081415,58.77590361445784,54.10511529028859,58.8,54.13874521479628,mae,5.729730494318973,-4.670788324169251,
dual,cover_yolo,meanScore,source_slice,VIDEO_GAME,149,0.44646891923487714,60.02684563758389,54.63364832523604,59.400000000000006,55.19909011485138,mae,6.283911935727044,-5.393197312347852,
dual,cover_yolo,meanScore,popularity_tail,lower_90pct,1081,0.5802472565731854,59.234042553191486,54.46845791939976,59.0,55.20547321549689,mae,6.05189477736697,-4.765584633791733,
dual,cover_yolo,meanScore,popularity_tail,top_10pct,121,0.10987603969658821,70.03305785123966,59.999103096617624,69.7,60.34654767504772,mae,10.423304069356089,-10.033954754622041,
pop_only,cover_yolo_coverbanner_proxy,popularity,popularity_quantile,Q1_low,753,0.03896349238772391,100.73705179282868,367.79920273613544,108.0,317.76305870622406,log_mae,1.1958537913292009,1.191241889399934,0.27389143598850846
pop_only,cover_yolo_coverbanner_proxy,popularity,popularity_quantile,Q2,753,0.04200228811971392,163.09561752988049,419.26363902364477,159.0,339.082245379037,log_mae,0.818233220471788,0.7679966607182825,0.3890049180264892
pop_only,cover_yolo_coverbanner_proxy,popularity,popularity_quantile,Q3,753,0.022881236570270084,307.61752988047806,486.2892211499036,303.0,381.487695738369,log_mae,0.5234952729670018,0.2282840391534,0.6325814278857969
pop_only,cover_yolo_coverbanner_proxy,popularity,popularity_quantile,Q4,753,0.292065005823126,686.9654714475431,855.5632590101485,612.0,510.8511230445816,log_mae,0.6240821262563555,-0.18259750801260458,0.8029394252417219
pop_only,cover_yolo_coverbanner_proxy,popularity,popularity_quantile,Q5_high,753,0.2500405515135177,17800.314741035858,1463.4403703939427,5392.0,1067.2841685542098,log_mae,1.9253832849003258,-1.8446279948700364,12.163334496672524
pop_only,cover_yolo_coverbanner_proxy,popularity,release_period,2010-2014,613,0.3801569642401964,3735.009787928222,552.2226921126849,283.0,388.170283363788,log_mae,0.9807021296399762,-0.010978045686500832,6.7635934583544195
pop_only,cover_yolo_coverbanner_proxy,popularity,release_period,2015-2019,1137,0.3805600947506307,3548.233948988566,572.4138191507446,258.0,379.836229425725,log_mae,1.0132592614980118,0.033070115193039845,6.19872167700784
pop_only,cover_yolo_coverbanner_proxy,popularity,release_period,2020-2026,1183,0.6183314917323331,5460.506339814032,689.6965619138432,268.0,446.7330965253972,log_mae,1.1215921490254988,-0.10643867811713809,7.917259040209856
pop_only,cover_yolo_coverbanner_proxy,popularity,release_period,<=2009,828,0.5046357125575164,1767.3852657004832,1083.812752588642,395.0,558.400894362074,log_mae,0.8919234497249555,0.2749928549083534,1.6307108967662138
pop_only,cover_yolo_coverbanner_proxy,popularity,format_slice,MOVIE,861,0.399420437004136,1897.6469221835075,901.7692468194534,183.0,382.2180210339246,log_mae,1.0356569650091403,0.43477981798005105,2.1043597670651573
pop_only,cover_yolo_coverbanner_proxy,popularity,format_slice,ONA,1118,0.28141958171519704,1093.4212880143114,460.82641787868477,261.5,365.19578632074376,log_mae,0.8694687444592659,0.22915136195797245,2.3727400287675366
pop_only,cover_yolo_coverbanner_proxy,popularity,format_slice,OVA,296,0.4423844896214394,3111.429054054054,740.9439964547101,416.5,574.2493926222239,log_mae,0.8365676181936039,0.07877450185963226,4.199276961473078
pop_only,cover_yolo_coverbanner_proxy,popularity,format_slice,SPECIAL,761,0.672120046328675,8516.735873850197,982.9982643651424,967.0,718.5688936780838,log_mae,1.223361952792264,-0.5889735054742368,8.664039584394006
pop_only,cover_yolo_coverbanner_proxy,popularity,format_slice,TV,715,0.49548081921545956,5580.904895104895,611.2602208350708,248.0,387.00209080288926,log_mae,1.0639188180161587,-0.08546343505881072,9.130162089528032
pop_only,cover_yolo_coverbanner_proxy,popularity,format_slice,UNKNOWN,14,0.4593406593406593,7309.928571428572,641.7442559150137,3466.5,414.26887743071154,log_mae,1.9625568507982802,-1.7024999083175716,11.390719128457032
pop_only,cover_yolo_coverbanner_proxy,popularity,source_slice,LIGHT_NOVEL,213,0.5207396677315884,20746.798122065728,1510.1233517857402,4116.0,1021.8953063172008,log_mae,1.7861703220822212,-1.283218208045277,13.738479110022617
pop_only,cover_yolo_coverbanner_proxy,popularity,source_slice,MANGA,591,0.583281900441318,10361.260575296108,1118.526182378989,1582.0,876.7983932793605,log_mae,1.3761799253416045,-0.8227500539047637,9.263315189688974
pop_only,cover_yolo_coverbanner_proxy,popularity,source_slice,ORIGINAL,1760,0.28282422051996436,969.6170454545454,548.6438600177531,195.0,334.5635125539785,log_mae,0.8916530141139819,0.3330524695649911,1.7672977246536037
pop_only,cover_yolo_coverbanner_proxy,popularity,source_slice,OTHER,263,0.40931350926114135,752.7300380228137,743.759398252873,293.0,399.3757717631484,log_mae,0.8741292221230528,0.34107569954983913,1.0120612119873889
pop_only,cover_yolo_coverbanner_proxy,popularity,source_slice,OTHER_SMALL,291,0.37305289214972587,2601.9896907216494,552.6575506412612,275.0,428.0015420754044,log_mae,0.9292773778041293,0.259117562212868,4.708141031824321
pop_only,cover_yolo_coverbanner_proxy,popularity,source_slice,UNKNOWN,395,0.38106560797711153,441.04810126582277,594.9922929465013,278.0,462.6746153114624,log_mae,0.7416150330156873,0.4929281267244386,0.7412669147051953
pop_only,cover_yolo_coverbanner_proxy,popularity,source_slice,VIDEO_GAME,252,0.42313333673859505,3860.1746031746034,655.8387709273858,522.0,503.8483459359662,log_mae,1.0881244258321736,-0.26075638830885783,5.885859107896505
pop_only,cover_yolo_coverbanner_proxy,popularity,popularity_tail,lower_90pct,3388,0.3995589465774065,581.8459268004723,617.2066277518213,264.0,399.4061968389283,log_mae,0.8280489239403757,0.3381410504586176,0.9427084879497315
pop_only,cover_yolo_coverbanner_proxy,popularity,popularity_tail,top_10pct,377,0.24804434304270692,32838.010610079575,1628.5087042151242,17056.0,1247.8086133382096,log_mae,2.7191436623906764,-2.7186158432437613,20.164467359053003
dual,cover_yolo_coverbanner_proxy,popularity,popularity_quantile,Q1_low,241,0.18441027570777582,409.8464730290456,415.25885706531517,419.0,374.3536281392076,log_mae,0.44693043724138043,-0.1230045828581065,0.9869662405890159
dual,cover_yolo_coverbanner_proxy,popularity,popularity_quantile,Q2,240,0.28437959822835607,680.3333333333334,820.6065601171489,672.0,530.1304139692295,log_mae,0.5731002400689978,-0.23106138206507534,0.8290615337467078
dual,cover_yolo_coverbanner_proxy,popularity,popularity_quantile,Q3,240,0.20484600188976418,1276.4625,1372.05123267317,1249.5,728.6136830206658,log_mae,0.8353723029412488,-0.39164124267589545,0.930331513578444
dual,cover_yolo_coverbanner_proxy,popularity,popularity_quantile,Q4,240,0.1088249240709291,3558.4083333333333,1098.0450371471213,3276.0,914.6807602841917,log_mae,1.3430845234906836,-1.3283392716402531,3.2406761225191536
dual,cover_yolo_coverbanner_proxy,popularity,popularity_quantile,Q5_high,241,0.2655790837032149,36350.73858921162,1845.196736514323,18566.0,1385.2601335516208,log_mae,2.738141365883896,-2.737315690288929,19.700196661890995
dual,cover_yolo_coverbanner_proxy,popularity,release_period,2010-2014,205,0.6836284441660312,10735.439024390244,889.3373583229213,1292.0,590.839652058995,log_mae,1.3179644850296468,-1.224366831110515,12.071278603020486
dual,cover_yolo_coverbanner_proxy,popularity,release_period,2015-2019,387,0.6892706799417514,10023.839793281653,931.5055657543862,1276.0,613.1284739649998,log_mae,1.2932321732437633,-1.196572591431079,10.760901664783695
dual,cover_yolo_coverbanner_proxy,popularity,release_period,2020-2026,279,0.5676924747348202,9957.021505376344,1026.178436797412,1355.0,693.8927219514165,log_mae,1.2469510220676583,-1.0532417683348256,9.703011823607495
dual,cover_yolo_coverbanner_proxy,popularity,release_period,<=2009,331,0.49095739083690865,4002.870090634441,1526.9724500545442,1131.0,787.7553722899795,log_mae,0.9347827639882905,-0.4521570825771291,2.6214422470369105
dual,cover_yolo_coverbanner_proxy,popularity,format_slice,MOVIE,177,0.37412239152200866,6447.141242937853,2005.0383555070796,1331.0,747.4023046104538,log_mae,1.319969071629417,-0.5748763077250999,3.2154702802716977
dual,cover_yolo_coverbanner_proxy,popularity,format_slice,ONA,383,0.37557952205530853,2572.135770234987,562.8457177962549,619.0,421.7806221019412,log_mae,0.8437182528700928,-0.6736823708360352,4.569877124242557
dual,cover_yolo_coverbanner_proxy,popularity,format_slice,OVA,127,0.6446049066303745,6878.779527559055,928.2851376520226,831.0,662.4405266199215,log_mae,0.9154996203678624,-0.7940368065997929,7.410201077826194
dual,cover_yolo_coverbanner_proxy,popularity,format_slice,SPECIAL,481,0.5282802888369406,13265.293139293139,1287.4629274064562,3192.0,976.7023843128252,log_mae,1.4349104195559401,-1.3195316797180234,10.303436982077265
dual,cover_yolo_coverbanner_proxy,popularity,format_slice,TV,34,0.6174178762414056,23601.970588235294,791.61464213669,1158.0,460.3308178810847,log_mae,1.9040300115481343,-1.8316580611718238,29.814974776780197
dual,cover_yolo_coverbanner_proxy,popularity,source_slice,LIGHT_NOVEL,115,0.5087992361708712,27914.2,1810.1710393618105,7501.0,1145.0126862751854,log_mae,1.978023429188299,-1.8340501811299266,15.420752731654222
dual,cover_yolo_coverbanner_proxy,popularity,source_slice,MANGA,306,0.43935335880843224,12683.601307189543,1362.9138387593794,3065.0,1093.7264126935038,log_mae,1.4464330057495949,-1.3052189705481356,9.306238550439149
dual,cover_yolo_coverbanner_proxy,popularity,source_slice,ORIGINAL,386,0.5345332309288359,3243.497409326425,995.4963943844591,751.0,481.56220713178726,log_mae,1.0351463653850248,-0.6697113613026136,3.2581709262060787
dual,cover_yolo_coverbanner_proxy,popularity,source_slice,OTHER,79,0.4811976997632982,1623.3164556962026,1134.874154655413,664.0,481.4256350462646,log_mae,0.859463482877477,-0.4630713657394208,1.4303933603890184
dual,cover_yolo_coverbanner_proxy,popularity,source_slice,OTHER_SMALL,84,0.5424300258298792,8098.333333333333,766.157683491259,838.5,573.5000720822461,log_mae,0.9994676775171869,-0.9026889362271854,10.570060847566669
dual,cover_yolo_coverbanner_proxy,popularity,source_slice,UNKNOWN,83,0.24811481649756767,1182.9759036144578,670.9364927307562,715.0,568.3502252664941,log_mae,0.531198671428085,-0.4017871354670646,1.7631712038790246
dual,cover_yolo_coverbanner_proxy,popularity,source_slice,VIDEO_GAME,149,0.5323069081470133,6261.4496644295305,774.1982032926361,1202.0,589.2710597846444,log_mae,1.0898383863857002,-0.9597922073770814,8.087657188817822
dual,cover_yolo_coverbanner_proxy,popularity,popularity_tail,lower_90pct,1081,0.5456920261392296,2534.0980573543015,989.0795486427087,1055.0,625.4205876652466,log_mae,0.9505280998880193,-0.700399737673879,2.5620770956509884
dual,cover_yolo_coverbanner_proxy,popularity,popularity_tail,top_10pct,121,0.21610215417965037,61517.27272727273,2192.921364916614,40447.0,1499.6223387500247,log_mae,3.3095464837559176,-3.3095464837559176,28.052657843302068
dual,cover_yolo_coverbanner_proxy,meanScore,popularity_quantile,Q1_low,241,0.37599709794247416,55.483817427385894,50.47479742322999,55.8,51.77273013213632,mae,6.3920292866114385,-5.009020004155907,
dual,cover_yolo_coverbanner_proxy,meanScore,popularity_quantile,Q2,240,0.49748007416906825,57.357083333333335,53.02859103651329,57.4,53.527350384477614,mae,5.52330610972148,-4.328492296820047,
dual,cover_yolo_coverbanner_proxy,meanScore,popularity_quantile,Q3,240,0.5240245660025372,57.83541666666667,55.31799385017548,58.650000000000006,55.53327054177463,mae,4.804590322232201,-2.517422816491187,
dual,cover_yolo_coverbanner_proxy,meanScore,popularity_quantile,Q4,240,0.29232647773360704,62.514583333333334,57.61714629737476,63.0,58.61628392483776,mae,6.307960254435631,-4.897437035958579,
dual,cover_yolo_coverbanner_proxy,meanScore,popularity_quantile,Q5_high,241,0.2759082036905109,68.40124481327801,59.67775116003042,68.2,59.96117035157888,mae,9.010518289038064,-8.723493653247587,
dual,cover_yolo_coverbanner_proxy,meanScore,score_quantile,Q1_low,241,0.14496713885883122,51.111203319502074,49.194023737471454,51.900000000000006,49.263717514327006,mae,5.341047775927015,-1.917179582030621,
dual,cover_yolo_coverbanner_proxy,meanScore,score_quantile,Q2,240,0.12614492855541587,56.555,53.085444467356105,56.6,53.70882007291025,mae,4.999846602947326,-3.4695555326439065,
dual,cover_yolo_coverbanner_proxy,meanScore,score_quantile,Q3,240,0.17171244208085815,59.88125,55.841847790964344,59.8,56.10864767768724,mae,5.239245337509609,-4.039402209035658,
dual,cover_yolo_coverbanner_proxy,meanScore,score_quantile,Q4,240,0.12266201750934484,63.67541666666666,58.28940747380576,63.5,58.836961781167275,mae,5.731679913052132,-5.386009192860911,
dual,cover_yolo_coverbanner_proxy,meanScore,score_quantile,Q5_high,241,0.22017983773107444,70.37925311203318,59.71075533734479,69.3,60.03839571127515,mae,10.723824944499496,-10.668497774688397,
dual,cover_yolo_coverbanner_proxy,meanScore,release_period,2010-2014,205,0.6511672129778805,59.234146341463415,54.8491523627488,58.9,55.98494912411055,mae,5.959152145377756,-4.3849939787146175,
dual,cover_yolo_coverbanner_proxy,meanScore,release_period,2015-2019,387,0.5930133678658442,59.789922480620156,54.819074300384955,58.9,56.02747393430426,mae,6.478156255572037,-4.970848180235202,
dual,cover_yolo_coverbanner_proxy,meanScore,release_period,2020-2026,279,0.42059761788012373,62.91684587813621,56.67638991064886,61.8,57.219571013825,mae,7.278724163538839,-6.2404559674873425,
dual,cover_yolo_coverbanner_proxy,meanScore,release_period,<=2009,331,0.6442349648901856,59.42749244712991,54.701779211654056,59.2,54.95314888444648,mae,5.876685402201845,-4.725713235475858,
dual,cover_yolo_coverbanner_proxy,meanScore,format_slice,MOVIE,177,0.6226482983280942,58.9774011299435,53.569911993526176,58.5,54.02096313470213,mae,7.092991022546162,-5.407489136417326,
dual,cover_yolo_coverbanner_proxy,meanScore,format_slice,ONA,383,0.48846659160659317,57.30208877284595,52.10797699378242,56.5,52.79974098238842,mae,6.487556437972071,-5.194111779063533,
dual,cover_yolo_coverbanner_proxy,meanScore,format_slice,OVA,127,0.5302081975121625,61.67480314960631,54.60950255880592,59.6,54.099776103584425,mae,7.2803158026793255,-7.065300590800372,
dual,cover_yolo_coverbanner_proxy,meanScore,format_slice,SPECIAL,481,0.41409743449176756,62.896673596673594,58.423948945579355,62.8,59.12317796095242,mae,5.833962569873518,-4.472724651094246,
dual,cover_yolo_coverbanner_proxy,meanScore,format_slice,TV,34,0.5605562919499338,59.832352941176474,55.926582749299484,58.650000000000006,58.28731536438096,mae,6.8732335494574786,-3.905770191876983,
dual,cover_yolo_coverbanner_proxy,meanScore,source_slice,LIGHT_NOVEL,115,0.3714279521845882,65.40347826086956,59.30773405409417,64.1,60.20195642866484,mae,6.912921507180125,-6.095744206775401,
dual,cover_yolo_coverbanner_proxy,meanScore,source_slice,MANGA,306,0.3631286298658844,64.05326797385622,58.807783938625164,63.9,59.56417284518409,mae,6.629800204839146,-5.245484035231044,
dual,cover_yolo_coverbanner_proxy,meanScore,source_slice,ORIGINAL,386,0.5628044403183511,57.23575129533679,52.33831226500319,56.55,52.87974779891999,mae,6.601213132906445,-4.897439030333597,
dual,cover_yolo_coverbanner_proxy,meanScore,source_slice,OTHER,79,0.5604679221958061,56.50886075949367,52.46388118384309,56.4,52.14914462463635,mae,5.39562839633611,-4.0449795756505775,
dual,cover_yolo_coverbanner_proxy,meanScore,source_slice,OTHER_SMALL,84,0.5140036478354462,59.5797619047619,54.03511667687708,58.2,54.870219905042774,mae,6.116868831561978,-5.544645227884841,
dual,cover_yolo_coverbanner_proxy,meanScore,source_slice,UNKNOWN,83,0.4608319235592828,58.77590361445784,54.258847463854345,58.8,54.18572918594817,mae,5.667496689611309,-4.517056150603495,
dual,cover_yolo_coverbanner_proxy,meanScore,source_slice,VIDEO_GAME,149,0.43438194303296596,60.02684563758389,54.851134920325194,59.400000000000006,55.165894976365365,mae,6.190420233269037,-5.175710717258697,
dual,cover_yolo_coverbanner_proxy,meanScore,popularity_tail,lower_90pct,1081,0.5726022354524076,59.234042553191486,54.66661612691152,59.0,55.37663187940368,mae,5.979294925870354,-4.567426426279965,
dual,cover_yolo_coverbanner_proxy,meanScore,popularity_tail,top_10pct,121,0.10320631308307333,70.03305785123966,60.19378231032765,69.7,60.52004970467257,mae,10.256212856191011,-9.839275540912015,
